WOJEWODZTWO,MARKA,LICZBA
DOLNOŚLĄSKIE,ALFA ROMEO,24
DOLNOŚLĄSKIE,AUDI,482
DOLNOŚLĄSKIE,BENTLEY,1
DOLNOŚLĄSKIE,BMW,404
DOLNOŚLĄSKIE,BMW I,1
DOLNOŚLĄSKIE,CADILLAC,2
DOLNOŚLĄSKIE,CHEVROLET,27
DOLNOŚLĄSKIE,CHRYSLER,9
DOLNOŚLĄSKIE,CITROEN,177
DOLNOŚLĄSKIE,CUPRA,36
DOLNOŚLĄSKIE,DACIA,138
DOLNOŚLĄSKIE,DAEWOO,2
DOLNOŚLĄSKIE,DAIHATSU,7
DOLNOŚLĄSKIE,DAIMLERCHRYSLER,24
DOLNOŚLĄSKIE,DODGE,17
DOLNOŚLĄSKIE,DS,7
DOLNOŚLĄSKIE,FIAT,101
DOLNOŚLĄSKIE,FORD,561
DOLNOŚLĄSKIE,GMC,1
DOLNOŚLĄSKIE,HONDA,88
DOLNOŚLĄSKIE,HYUNDAI,240
DOLNOŚLĄSKIE,INFINITI,1
DOLNOŚLĄSKIE,JAGUAR,19
DOLNOŚLĄSKIE,JEEP,28
DOLNOŚLĄSKIE,KIA,252
DOLNOŚLĄSKIE,LADA,2
DOLNOŚLĄSKIE,LANCIA,2
DOLNOŚLĄSKIE,LAND ROVER,20
DOLNOŚLĄSKIE,LEXUS,85
DOLNOŚLĄSKIE,LINCOLN,2
DOLNOŚLĄSKIE,MASERATI,1
DOLNOŚLĄSKIE,MAZDA,147
DOLNOŚLĄSKIE,MCC SMART,1
DOLNOŚLĄSKIE,MERCEDES-AMG,2
DOLNOŚLĄSKIE,MERCEDES-BENZ,293
DOLNOŚLĄSKIE,MINI,41
DOLNOŚLĄSKIE,MITSUBISHI,57
DOLNOŚLĄSKIE,NISSAN,136
DOLNOŚLĄSKIE,OPEL,379
DOLNOŚLĄSKIE,PEUGEOT,203
DOLNOŚLĄSKIE,PORSCHE,40
DOLNOŚLĄSKIE,RENAULT,246
DOLNOŚLĄSKIE,RENAULT/CARPOL,10
DOLNOŚLĄSKIE,SAAB,5
DOLNOŚLĄSKIE,SEAT,145
DOLNOŚLĄSKIE,SKODA,363
DOLNOŚLĄSKIE,SMART,11
DOLNOŚLĄSKIE,SSANGYONG,10
DOLNOŚLĄSKIE,SUBARU,32
DOLNOŚLĄSKIE,SUZUKI,102
DOLNOŚLĄSKIE,TESLA,4
DOLNOŚLĄSKIE,TOYOTA,1033
DOLNOŚLĄSKIE,VOLKSWAGEN,635
DOLNOŚLĄSKIE,VOLVO,159
KUJAWSKO-POMORSKIE,ALFA ROMEO,19
KUJAWSKO-POMORSKIE,AUDI,300
KUJAWSKO-POMORSKIE,BENTLEY,1
KUJAWSKO-POMORSKIE,BMW,217
KUJAWSKO-POMORSKIE,BMW I,1
KUJAWSKO-POMORSKIE,BUICK,1
KUJAWSKO-POMORSKIE,CADILLAC,3
KUJAWSKO-POMORSKIE,CHEVROLET,22
KUJAWSKO-POMORSKIE,CITROEN,136
KUJAWSKO-POMORSKIE,CUPRA,19
KUJAWSKO-POMORSKIE,DACIA,72
KUJAWSKO-POMORSKIE,DAEWOO,1
KUJAWSKO-POMORSKIE,DAIHATSU,3
KUJAWSKO-POMORSKIE,DAIMLERCHRYSLER,4
KUJAWSKO-POMORSKIE,DFSK,1
KUJAWSKO-POMORSKIE,DODGE,12
KUJAWSKO-POMORSKIE,FIAT,77
KUJAWSKO-POMORSKIE,FORD,291
KUJAWSKO-POMORSKIE,FSO,1
KUJAWSKO-POMORSKIE,GAZ,1
KUJAWSKO-POMORSKIE,HONDA,46
KUJAWSKO-POMORSKIE,HYUNDAI,124
KUJAWSKO-POMORSKIE,JAGUAR,7
KUJAWSKO-POMORSKIE,JAGUAR LAND ROVER LIMITED,1
KUJAWSKO-POMORSKIE,JEEP,26
KUJAWSKO-POMORSKIE,KIA,157
KUJAWSKO-POMORSKIE,LADA,1
KUJAWSKO-POMORSKIE,LANCIA,2
KUJAWSKO-POMORSKIE,LAND ROVER,7
KUJAWSKO-POMORSKIE,LEXUS,33
KUJAWSKO-POMORSKIE,LINCOLN,1
KUJAWSKO-POMORSKIE,MAZDA,86
KUJAWSKO-POMORSKIE,MERCEDES-BENZ,173
KUJAWSKO-POMORSKIE,MINI,19
KUJAWSKO-POMORSKIE,MITSUBISHI,32
KUJAWSKO-POMORSKIE,NISSAN,93
KUJAWSKO-POMORSKIE,OPEL,379
KUJAWSKO-POMORSKIE,PEUGEOT,160
KUJAWSKO-POMORSKIE,PORSCHE,5
KUJAWSKO-POMORSKIE,RENAULT,160
KUJAWSKO-POMORSKIE,RENAULT/CARPOL,10
KUJAWSKO-POMORSKIE,ROVER,1
KUJAWSKO-POMORSKIE,SAAB,2
KUJAWSKO-POMORSKIE,SEAT,64
KUJAWSKO-POMORSKIE,SKODA,218
KUJAWSKO-POMORSKIE,SMART,2
KUJAWSKO-POMORSKIE,SSANGYONG,5
KUJAWSKO-POMORSKIE,SUBARU,4
KUJAWSKO-POMORSKIE,SUZUKI,39
KUJAWSKO-POMORSKIE,TESLA,2
KUJAWSKO-POMORSKIE,TOYOTA,318
KUJAWSKO-POMORSKIE,TOYOTA/CARPOL,1
KUJAWSKO-POMORSKIE,VAUXHALL,1
KUJAWSKO-POMORSKIE,VOLKSWAGEN,431
KUJAWSKO-POMORSKIE,VOLVO,95
LUBELSKIE,ACURA,1
LUBELSKIE,ALFA ROMEO,24
LUBELSKIE,ASTON MARTIN,1
LUBELSKIE,AUDI,368
LUBELSKIE,BMW,220
LUBELSKIE,BMW I,1
LUBELSKIE,BUICK,2
LUBELSKIE,CADILLAC,1
LUBELSKIE,CHEVROLET,34
LUBELSKIE,CHRYSLER,9
LUBELSKIE,CITROEN,166
LUBELSKIE,CUPRA,2
LUBELSKIE,DACIA,69
LUBELSKIE,DAEWOO,1
LUBELSKIE,DAIHATSU,6
LUBELSKIE,DAIMLERCHRYSLER,10
LUBELSKIE,DODGE,13
LUBELSKIE,FERRARI,1
LUBELSKIE,FIAT,81
LUBELSKIE,FORD,330
LUBELSKIE,GMC,2
LUBELSKIE,HONDA,64
LUBELSKIE,HYUNDAI,184
LUBELSKIE,INFINITI,2
LUBELSKIE,JAGUAR,5
LUBELSKIE,JEEP,33
LUBELSKIE,KIA,183
LUBELSKIE,LAMBORGHINI,1
LUBELSKIE,LANCIA,3
LUBELSKIE,LAND ROVER,11
LUBELSKIE,LEXUS,41
LUBELSKIE,LINCOLN,1
LUBELSKIE,MASERATI,4
LUBELSKIE,MAZDA,51
LUBELSKIE,MERCEDES-BENZ,137
LUBELSKIE,MINI,18
LUBELSKIE,MITSUBISHI,33
LUBELSKIE,NISSAN,85
LUBELSKIE,OPEL,289
LUBELSKIE,PEUGEOT,189
LUBELSKIE,PORSCHE,5
LUBELSKIE,RAM,1
LUBELSKIE,RENAULT,190
LUBELSKIE,RENAULT/CARPOL,3
LUBELSKIE,ROVER,1
LUBELSKIE,SAAB,9
LUBELSKIE,SEAT,87
LUBELSKIE,SKODA,144
LUBELSKIE,SMART,4
LUBELSKIE,SSANGYONG,2
LUBELSKIE,SUBARU,24
LUBELSKIE,SUZUKI,88
LUBELSKIE,TESLA,2
LUBELSKIE,TOYOTA,275
LUBELSKIE,VOLKSWAGEN,264
LUBELSKIE,VOLVO,245
LUBUSKIE,ALFA ROMEO,8
LUBUSKIE,AUDI,178
LUBUSKIE,BMW,124
LUBUSKIE,BUICK,1
LUBUSKIE,CADILLAC,4
LUBUSKIE,CHEVROLET,9
LUBUSKIE,CHRYSLER,3
LUBUSKIE,CITROEN,73
LUBUSKIE,CUPRA,12
LUBUSKIE,DACIA,57
LUBUSKIE,DAEWOO,1
LUBUSKIE,DAIHATSU,3
LUBUSKIE,DAIMLER-BENZ,1
LUBUSKIE,DAIMLERCHRYSLER,7
LUBUSKIE,DODGE,2
LUBUSKIE,DS,2
LUBUSKIE,FERRARI,2
LUBUSKIE,FIAT,66
LUBUSKIE,FORD,220
LUBUSKIE,HONDA,38
LUBUSKIE,HYUNDAI,113
LUBUSKIE,JAGUAR,2
LUBUSKIE,JEEP,11
LUBUSKIE,KIA,97
LUBUSKIE,LADA,1
LUBUSKIE,LANCIA,1
LUBUSKIE,LAND ROVER,5
LUBUSKIE,LEXUS,11
LUBUSKIE,MAZDA,67
LUBUSKIE,MERCEDES/AUTOMET,1
LUBUSKIE,MERCEDES-BENZ,110
LUBUSKIE,MINI,11
LUBUSKIE,MITSUBISHI,26
LUBUSKIE,NISSAN,52
LUBUSKIE,OPEL,214
LUBUSKIE,PEUGEOT,86
LUBUSKIE,PORSCHE,7
LUBUSKIE,RENAULT,86
LUBUSKIE,RENAULT/CARPOL,1
LUBUSKIE,SAAB,2
LUBUSKIE,SEAT,55
LUBUSKIE,SKODA,115
LUBUSKIE,SMART,4
LUBUSKIE,SSANGYONG,6
LUBUSKIE,SUBARU,5
LUBUSKIE,SUZUKI,30
LUBUSKIE,TESLA,1
LUBUSKIE,TOYOTA,189
LUBUSKIE,VOLKSWAGEN,328
LUBUSKIE,VOLKSWAGEN/V-VAN,1
LUBUSKIE,VOLVO,48
ŁÓDZKIE,ALFA ROMEO,22
ŁÓDZKIE,AUDI,250
ŁÓDZKIE,BMW,229
ŁÓDZKIE,CADILLAC,1
ŁÓDZKIE,CHEVROLET,45
ŁÓDZKIE,CHRYSLER,9
ŁÓDZKIE,CITROEN,197
ŁÓDZKIE,CUPRA,13
ŁÓDZKIE,DACIA,107
ŁÓDZKIE,DAEWOO,1
ŁÓDZKIE,DAIHATSU,3
ŁÓDZKIE,DAIMLER-BENZ,1
ŁÓDZKIE,DAIMLERCHRYSLER,3
ŁÓDZKIE,DODGE,18
ŁÓDZKIE,DS,7
ŁÓDZKIE,FIAT,104
ŁÓDZKIE,FORD,346
ŁÓDZKIE,HONDA,68
ŁÓDZKIE,HYUNDAI,244
ŁÓDZKIE,INFINITI,4
ŁÓDZKIE,JAGUAR,6
ŁÓDZKIE,JAGUAR LAND ROVER LIMITED,1
ŁÓDZKIE,JEEP,31
ŁÓDZKIE,KIA,277
ŁÓDZKIE,LANCIA,4
ŁÓDZKIE,LAND ROVER,7
ŁÓDZKIE,LEXUS,30
ŁÓDZKIE,MASERATI,2
ŁÓDZKIE,MAZDA,128
ŁÓDZKIE,MERCEDES,1
ŁÓDZKIE,MERCEDES-BENZ,142
ŁÓDZKIE,MG,3
ŁÓDZKIE,MINI,23
ŁÓDZKIE,MITSUBISHI,42
ŁÓDZKIE,NISSAN,104
ŁÓDZKIE,NYSA,1
ŁÓDZKIE,OPEL,408
ŁÓDZKIE,PEUGEOT,185
ŁÓDZKIE,PONTIAC,1
ŁÓDZKIE,PORSCHE,33
ŁÓDZKIE,RAM,2
ŁÓDZKIE,RENAULT,220
ŁÓDZKIE,RENAULT/CARPOL,3
ŁÓDZKIE,SAAB,12
ŁÓDZKIE,SEAT,103
ŁÓDZKIE,SKODA,282
ŁÓDZKIE,SMART,4
ŁÓDZKIE,SSANGYONG,8
ŁÓDZKIE,SUBARU,22
ŁÓDZKIE,SUZUKI,58
ŁÓDZKIE,TESLA,2
ŁÓDZKIE,TOYOTA,379
ŁÓDZKIE,VAUXHALL,1
ŁÓDZKIE,VOLKSWAGEN,357
ŁÓDZKIE,VOLVO,133
MAŁOPOLSKIE,ACURA,1
MAŁOPOLSKIE,ALFA ROMEO,55
MAŁOPOLSKIE,ASTON MARTIN,2
MAŁOPOLSKIE,AUDI,546
MAŁOPOLSKIE,BMW,415
MAŁOPOLSKIE,BUICK,2
MAŁOPOLSKIE,CADILLAC,3
MAŁOPOLSKIE,CHEVROLET,46
MAŁOPOLSKIE,CHRYSLER,12
MAŁOPOLSKIE,CITROEN,206
MAŁOPOLSKIE,CUPRA,39
MAŁOPOLSKIE,DACIA,195
MAŁOPOLSKIE,DAEWOO,2
MAŁOPOLSKIE,DAIHATSU,6
MAŁOPOLSKIE,DAIMLERCHRYSLER,3
MAŁOPOLSKIE,DFSK,1
MAŁOPOLSKIE,DODGE,20
MAŁOPOLSKIE,DS,7
MAŁOPOLSKIE,FIAT,264
MAŁOPOLSKIE,FORD,624
MAŁOPOLSKIE,FORD-CNG-TECHNIK,1
MAŁOPOLSKIE,GAZ,1
MAŁOPOLSKIE,HONDA,97
MAŁOPOLSKIE,HUMMER,1
MAŁOPOLSKIE,HYUNDAI,318
MAŁOPOLSKIE,INFINITI,3
MAŁOPOLSKIE,INNOCENTI,1
MAŁOPOLSKIE,IVECO,1
MAŁOPOLSKIE,JAGUAR,9
MAŁOPOLSKIE,JAGUAR LAND ROVER LIMITED,1
MAŁOPOLSKIE,JEEP,57
MAŁOPOLSKIE,KIA,352
MAŁOPOLSKIE,LANCIA,18
MAŁOPOLSKIE,LAND ROVER,20
MAŁOPOLSKIE,LEXUS,112
MAŁOPOLSKIE,LINCOLN,2
MAŁOPOLSKIE,MASERATI,4
MAŁOPOLSKIE,MAZDA,121
MAŁOPOLSKIE,MERCEDES,1
MAŁOPOLSKIE,MERCEDES-AMG,4
MAŁOPOLSKIE,MERCEDES-BENZ,254
MAŁOPOLSKIE,MG,1
MAŁOPOLSKIE,MINI,55
MAŁOPOLSKIE,MITSUBISHI,43
MAŁOPOLSKIE,NISSAN,163
MAŁOPOLSKIE,OPEL,424
MAŁOPOLSKIE,PEUGEOT,256
MAŁOPOLSKIE,PORSCHE,47
MAŁOPOLSKIE,PUCH,1
MAŁOPOLSKIE,RENAULT,317
MAŁOPOLSKIE,RENAULT/CARPOL,29
MAŁOPOLSKIE,SAAB,6
MAŁOPOLSKIE,SEAT,219
MAŁOPOLSKIE,SKODA,408
MAŁOPOLSKIE,SMART,32
MAŁOPOLSKIE,SSANGYONG,13
MAŁOPOLSKIE,SUBARU,40
MAŁOPOLSKIE,SUZUKI,238
MAŁOPOLSKIE,TATA,1
MAŁOPOLSKIE,TESLA,3
MAŁOPOLSKIE,TOYOTA,762
MAŁOPOLSKIE,TRABANT,1
MAŁOPOLSKIE,VOLKSWAGEN,508
MAŁOPOLSKIE,VOLVO,134
MAŁOPOLSKIE,ZASTAVA,1
MAZOWIECKIE,ALFA ROMEO,61
MAZOWIECKIE,ALPINA,2
MAZOWIECKIE,ALPINE,1
MAZOWIECKIE,ASTON MARTIN,3
MAZOWIECKIE,AUDI,1242
MAZOWIECKIE,BENTLEY,4
MAZOWIECKIE,BERTONE,1
MAZOWIECKIE,BMW,959
MAZOWIECKIE,BUICK,2
MAZOWIECKIE,CADILLAC,2
MAZOWIECKIE,CHEVROLET,92
MAZOWIECKIE,CHRYSLER,42
MAZOWIECKIE,CITROEN,502
MAZOWIECKIE,CUPRA,82
MAZOWIECKIE,DACIA,645
MAZOWIECKIE,DAEWOO,4
MAZOWIECKIE,DAIHATSU,6
MAZOWIECKIE,DAIMLER,1
MAZOWIECKIE,DAIMLERCHRYSLER,15
MAZOWIECKIE,DFSK,1
MAZOWIECKIE,DODGE,42
MAZOWIECKIE,DS,42
MAZOWIECKIE,FERRARI,3
MAZOWIECKIE,FIAT,188
MAZOWIECKIE,FORD,800
MAZOWIECKIE,FORD-CNG-TECHNIK,2
MAZOWIECKIE,GMC,1
MAZOWIECKIE,HONDA,241
MAZOWIECKIE,HONGQI,1
MAZOWIECKIE,HYUNDAI,696
MAZOWIECKIE,INFINITI,7
MAZOWIECKIE,JAGUAR,41
MAZOWIECKIE,JEEP,83
MAZOWIECKIE,KIA,898
MAZOWIECKIE,LAMBORGHINI,2
MAZOWIECKIE,LANCIA,10
MAZOWIECKIE,LAND ROVER,74
MAZOWIECKIE,LEXUS,323
MAZOWIECKIE,LINCOLN,1
MAZOWIECKIE,LOTUS,1
MAZOWIECKIE,ŁUAZ,1
MAZOWIECKIE,MAN/V-VAN,4
MAZOWIECKIE,MASERATI,9
MAZOWIECKIE,MAXUS,1
MAZOWIECKIE,MAZDA,299
MAZOWIECKIE,MERCEDES-AMG,9
MAZOWIECKIE,MERCEDES-BENZ,664
MAZOWIECKIE,MERCUS,3
MAZOWIECKIE,MG,2
MAZOWIECKIE,MINI,109
MAZOWIECKIE,MITSUBISHI,87
MAZOWIECKIE,NISSAN,313
MAZOWIECKIE,OPEL,901
MAZOWIECKIE,PEUGEOT,620
MAZOWIECKIE,PONTIAC,1
MAZOWIECKIE,PORSCHE,118
MAZOWIECKIE,RAM,2
MAZOWIECKIE,RENAULT,782
MAZOWIECKIE,RENAULT/CARPOL,87
MAZOWIECKIE,ROLLS-ROYCE,2
MAZOWIECKIE,ROVER,1
MAZOWIECKIE,SAAB,21
MAZOWIECKIE,SEAT,307
MAZOWIECKIE,SKODA,1475
MAZOWIECKIE,SKYWELL,15
MAZOWIECKIE,SMART,14
MAZOWIECKIE,SSANGYONG,30
MAZOWIECKIE,SUBARU,42
MAZOWIECKIE,SUZUKI,216
MAZOWIECKIE,TESLA,44
MAZOWIECKIE,TOYOTA,3406
MAZOWIECKIE,TRIUMPH,1
MAZOWIECKIE,TROJAN,1
MAZOWIECKIE,VOLKSWAGEN,1210
MAZOWIECKIE,"VOLKSWAGEN, VW",1
MAZOWIECKIE,VOLVO,667
OPOLSKIE,ALFA ROMEO,12
OPOLSKIE,AUDI,131
OPOLSKIE,BMW,86
OPOLSKIE,CHEVROLET,13
OPOLSKIE,CHRYSLER,2
OPOLSKIE,CITROEN,46
OPOLSKIE,CUPRA,7
OPOLSKIE,DACIA,37
OPOLSKIE,DAEWOO,1
OPOLSKIE,DAIHATSU,1
OPOLSKIE,DAIMLERCHRYSLER,4
OPOLSKIE,DFSK,1
OPOLSKIE,DODGE,4
OPOLSKIE,DS,1
OPOLSKIE,FIAT,26
OPOLSKIE,FORD,163
OPOLSKIE,HONDA,15
OPOLSKIE,HYUNDAI,58
OPOLSKIE,JEEP,4
OPOLSKIE,KIA,76
OPOLSKIE,LANCIA,1
OPOLSKIE,LAND ROVER,3
OPOLSKIE,LEXUS,13
OPOLSKIE,MASERATI,1
OPOLSKIE,MAZDA,44
OPOLSKIE,MERCEDES-AMG,1
OPOLSKIE,MERCEDES-BENZ,61
OPOLSKIE,MG,1
OPOLSKIE,MINI,9
OPOLSKIE,MITSUBISHI,28
OPOLSKIE,NISSAN,29
OPOLSKIE,OPEL,118
OPOLSKIE,PEUGEOT,53
OPOLSKIE,PONTIAC,1
OPOLSKIE,PORSCHE,11
OPOLSKIE,RENAULT,47
OPOLSKIE,RENAULT/CARPOL,10
OPOLSKIE,SEAT,62
OPOLSKIE,SKODA,113
OPOLSKIE,SMART,2
OPOLSKIE,SSANGYONG,1
OPOLSKIE,SUBARU,2
OPOLSKIE,SUZUKI,26
OPOLSKIE,TESLA,2
OPOLSKIE,TOYOTA,135
OPOLSKIE,TOYOYA,1
OPOLSKIE,VOLKSWAGEN,241
OPOLSKIE,VOLVO,24
PODKARPACKIE,ALFA ROMEO,42
PODKARPACKIE,AUDI,332
PODKARPACKIE,BMW,205
PODKARPACKIE,BUICK,1
PODKARPACKIE,CADILLAC,1
PODKARPACKIE,CHEVROLET,43
PODKARPACKIE,CHRYSLER,3
PODKARPACKIE,CITROEN,164
PODKARPACKIE,CUPRA,8
PODKARPACKIE,DACIA,46
PODKARPACKIE,DAEWOO,4
PODKARPACKIE,DAIHATSU,9
PODKARPACKIE,DAIMLERCHRYSLER,1
PODKARPACKIE,DODGE,11
PODKARPACKIE,DR,1
PODKARPACKIE,FIAT,135
PODKARPACKIE,FORD,340
PODKARPACKIE,FSO,1
PODKARPACKIE,HONDA,79
PODKARPACKIE,HYUNDAI,191
PODKARPACKIE,INFINITI,2
PODKARPACKIE,JAGUAR,4
PODKARPACKIE,JEEP,34
PODKARPACKIE,KIA,205
PODKARPACKIE,LADA,1
PODKARPACKIE,LANCIA,14
PODKARPACKIE,LAND ROVER,9
PODKARPACKIE,LEXUS,28
PODKARPACKIE,LINCOLN,1
PODKARPACKIE,LUAZ,1
PODKARPACKIE,MASERATI,1
PODKARPACKIE,MAZDA,92
PODKARPACKIE,MCC,1
PODKARPACKIE,MERCEDES,1
PODKARPACKIE,MERCEDES-AMG,3
PODKARPACKIE,MERCEDES-BENZ,140
PODKARPACKIE,MERCURY,1
PODKARPACKIE,MINI,20
PODKARPACKIE,MITSUBISHI,45
PODKARPACKIE,NISSAN,103
PODKARPACKIE,OPEL,346
PODKARPACKIE,PEUGEOT,171
PODKARPACKIE,PORSCHE,16
PODKARPACKIE,RENAULT,207
PODKARPACKIE,RENAULT/CARPOL,18
PODKARPACKIE,SAAB,6
PODKARPACKIE,SEAT,87
PODKARPACKIE,SKODA,136
PODKARPACKIE,SMART,8
PODKARPACKIE,SSANGYONG,9
PODKARPACKIE,SUBARU,27
PODKARPACKIE,SUZUKI,108
PODKARPACKIE,TESLA,3
PODKARPACKIE,TOYOTA,362
PODKARPACKIE,VAUXHALL,3
PODKARPACKIE,VOLKSWAGEN,274
PODKARPACKIE,VOLVO,92
PODLASKIE,ALFA ROMEO,6
PODLASKIE,AUDI,180
PODLASKIE,BENTLEY,1
PODLASKIE,BMW,133
PODLASKIE,BUICK,6
PODLASKIE,CADILLAC,1
PODLASKIE,CHEVROLET,21
PODLASKIE,CHRYSLER,24
PODLASKIE,CITROEN,48
PODLASKIE,CUPRA,16
PODLASKIE,DACIA,31
PODLASKIE,DAIHATSU,5
PODLASKIE,DAIMLERCHRYSLER,6
PODLASKIE,DODGE,22
PODLASKIE,FIAT,19
PODLASKIE,FORD,168
PODLASKIE,HONDA,35
PODLASKIE,HYUNDAI,87
PODLASKIE,INFINITI,1
PODLASKIE,JAGUAR,3
PODLASKIE,JEEP,39
PODLASKIE,KIA,123
PODLASKIE,LANCIA,2
PODLASKIE,LAND ROVER,19
PODLASKIE,LEXUS,21
PODLASKIE,MASERATI,1
PODLASKIE,MAZDA,44
PODLASKIE,MERCEDES/AUTOMET,1
PODLASKIE,MERCEDES-BENZ,75
PODLASKIE,MG,1
PODLASKIE,MINI,11
PODLASKIE,MITSUBISHI,27
PODLASKIE,NISSAN,52
PODLASKIE,OPEL,126
PODLASKIE,PEUGEOT,55
PODLASKIE,PORSCHE,7
PODLASKIE,RAM,2
PODLASKIE,RENAULT,67
PODLASKIE,RENAULT/CARPOL,3
PODLASKIE,SAAB,3
PODLASKIE,SEAT,45
PODLASKIE,SKODA,67
PODLASKIE,SMART,1
PODLASKIE,SSANGYONG,4
PODLASKIE,SUBARU,10
PODLASKIE,SUZUKI,42
PODLASKIE,TESLA,3
PODLASKIE,TESLA MOTORS,1
PODLASKIE,TOYOTA,210
PODLASKIE,VAUXHALL,1
PODLASKIE,VOLKSWAGEN,122
PODLASKIE,VOLVO,76
POMORSKIE,0747 MAXUS,1
POMORSKIE,ALFA ROMEO,25
POMORSKIE,AUDI,370
POMORSKIE,BMW,262
POMORSKIE,BUSCONCEPT,1
POMORSKIE,CHEVROLET,19
POMORSKIE,CHRYSLER,13
POMORSKIE,CITROEN,92
POMORSKIE,CUPRA,43
POMORSKIE,DACIA,148
POMORSKIE,DAIHATSU,2
POMORSKIE,DAIMLERCHRYSLER,8
POMORSKIE,DODGE,10
POMORSKIE,DS,3
POMORSKIE,FIAT,58
POMORSKIE,FORD,438
POMORSKIE,FORD-CNG-TECHNIK,1
POMORSKIE,GOLF,1
POMORSKIE,HONDA,41
POMORSKIE,HYUNDAI,245
POMORSKIE,INFINITY,1
POMORSKIE,JAGUAR,5
POMORSKIE,JEEP,32
POMORSKIE,KIA,243
POMORSKIE,LANCIA,1
POMORSKIE,LAND ROVER,17
POMORSKIE,LEXUS,61
POMORSKIE,MAZDA,93
POMORSKIE,MERCEDES,4
POMORSKIE,MERCEDES-AMG,2
POMORSKIE,MERCEDES-BENZ,201
POMORSKIE,MERCEDES-BENZ AG,1
POMORSKIE,MINI,20
POMORSKIE,MITSUBISHI,27
POMORSKIE,NISSAN,87
POMORSKIE,OLDSMOBILE,1
POMORSKIE,OPEL,229
POMORSKIE,PEUGEOT,114
POMORSKIE,PORSCHE,27
POMORSKIE,RAM,3
POMORSKIE,RENAULT,149
POMORSKIE,RENAULT/CARPOL,17
POMORSKIE,SAAB,1
POMORSKIE,SEAT,90
POMORSKIE,SKODA,369
POMORSKIE,SKYWELL,1
POMORSKIE,SMART,5
POMORSKIE,SSANG YONG,1
POMORSKIE,SSANGYONG,11
POMORSKIE,SUBARU,15
POMORSKIE,SUZUKI,83
POMORSKIE,TESLA,1
POMORSKIE,TOYOTA,598
POMORSKIE,VOLKSWAGEN,594
POMORSKIE,VOLKSWAGEN/KULCZYK-TRADEX,1
POMORSKIE,VOLVO,126
ŚLĄSKIE,ALFA ROMEO,65
ŚLĄSKIE,ALPINA,1
ŚLĄSKIE,ASTON MARTIN,1
ŚLĄSKIE,AUDI,568
ŚLĄSKIE,BENTLEY,2
ŚLĄSKIE,BMW,495
ŚLĄSKIE,CADILLAC,1
ŚLĄSKIE,CHEVROLET,62
ŚLĄSKIE,CHRYSLER,17
ŚLĄSKIE,CITROEN,251
ŚLĄSKIE,CUPRA,43
ŚLĄSKIE,DACIA,232
ŚLĄSKIE,DAEWOO,2
ŚLĄSKIE,DAIHATSU,9
ŚLĄSKIE,DAIMLERCHRYSLER,11
ŚLĄSKIE,DATSUN,1
ŚLĄSKIE,DODGE,17
ŚLĄSKIE,DS,6
ŚLĄSKIE,FIAT,332
ŚLĄSKIE,FORD,622
ŚLĄSKIE,FORD-CNG-TECHNIK,1
ŚLĄSKIE,GM DAEWOO,1
ŚLĄSKIE,HONDA,87
ŚLĄSKIE,HYUNDAI,377
ŚLĄSKIE,INFINITI,2
ŚLĄSKIE,IVECO,1
ŚLĄSKIE,JAGUAR,21
ŚLĄSKIE,JEEP,73
ŚLĄSKIE,KIA,492
ŚLĄSKIE,LANCIA,8
ŚLĄSKIE,LAND ROVER,28
ŚLĄSKIE,LEXUS,89
ŚLĄSKIE,MAN/V-VAN,1
ŚLĄSKIE,MASERATI,7
ŚLĄSKIE,MAZDA,206
ŚLĄSKIE,MERCEDES,2
ŚLĄSKIE,MERCEDES-AMG,1
ŚLĄSKIE,MERCEDES-BENZ,293
ŚLĄSKIE,MG,1
ŚLĄSKIE,MINI,44
ŚLĄSKIE,MITSUBISHI,57
ŚLĄSKIE,NISSAN,151
ŚLĄSKIE,OLTCIT,1
ŚLĄSKIE,OPEL,681
ŚLĄSKIE,PEUGEOT,335
ŚLĄSKIE,PONTIAC,1
ŚLĄSKIE,PORSCHE,52
ŚLĄSKIE,RAM,1
ŚLĄSKIE,RENAULT,435
ŚLĄSKIE,RENAULT/CARPOL,24
ŚLĄSKIE,SAAB,5
ŚLĄSKIE,SEAT,184
ŚLĄSKIE,SKODA,519
ŚLĄSKIE,SMART,10
ŚLĄSKIE,SSANGYONG,17
ŚLĄSKIE,SUBARU,24
ŚLĄSKIE,SUZUKI,167
ŚLĄSKIE,TESLA,8
ŚLĄSKIE,TOYOTA,906
ŚLĄSKIE,VAUXHALL,2
ŚLĄSKIE,VOLKSWAGEN,595
ŚLĄSKIE,VOLVO,185
ŚWIĘTOKRZYSKIE,ALFA ROMEO,17
ŚWIĘTOKRZYSKIE,AUDI,228
ŚWIĘTOKRZYSKIE,BMW,176
ŚWIĘTOKRZYSKIE,BUICK,1
ŚWIĘTOKRZYSKIE,CADILLAC,1
ŚWIĘTOKRZYSKIE,CHEVROLET,14
ŚWIĘTOKRZYSKIE,CHRYSLER,4
ŚWIĘTOKRZYSKIE,CITROEN,126
ŚWIĘTOKRZYSKIE,CUPRA,8
ŚWIĘTOKRZYSKIE,DACIA,30
ŚWIĘTOKRZYSKIE,DAEWOO,1
ŚWIĘTOKRZYSKIE,DAIHATSU,3
ŚWIĘTOKRZYSKIE,DAIMLERCHRYSLER,2
ŚWIĘTOKRZYSKIE,DODGE,8
ŚWIĘTOKRZYSKIE,DS,2
ŚWIĘTOKRZYSKIE,FIAT,54
ŚWIĘTOKRZYSKIE,FORD,213
ŚWIĘTOKRZYSKIE,FSM-BIELSKO BIAŁA,1
ŚWIĘTOKRZYSKIE,FSO-WARSZAWA,1
ŚWIĘTOKRZYSKIE,HONDA,28
ŚWIĘTOKRZYSKIE,HYUNDAI,103
ŚWIĘTOKRZYSKIE,INFINITI,1
ŚWIĘTOKRZYSKIE,JAGUAR,1
ŚWIĘTOKRZYSKIE,JEEP,12
ŚWIĘTOKRZYSKIE,KIA,115
ŚWIĘTOKRZYSKIE,LADA,1
ŚWIĘTOKRZYSKIE,LANCIA,5
ŚWIĘTOKRZYSKIE,LAND ROVER,3
ŚWIĘTOKRZYSKIE,LEXUS,29
ŚWIĘTOKRZYSKIE,MASERATI,2
ŚWIĘTOKRZYSKIE,MAZDA,49
ŚWIĘTOKRZYSKIE,MCC SMART,1
ŚWIĘTOKRZYSKIE,MERCEDES,4
ŚWIĘTOKRZYSKIE,MERCEDES-AMG,1
ŚWIĘTOKRZYSKIE,MERCEDES-BENZ,78
ŚWIĘTOKRZYSKIE,MINI,9
ŚWIĘTOKRZYSKIE,MITSUBISHI,20
ŚWIĘTOKRZYSKIE,NISSAN,65
ŚWIĘTOKRZYSKIE,OPEL,186
ŚWIĘTOKRZYSKIE,PEUGEOT,110
ŚWIĘTOKRZYSKIE,PORSCHE,2
ŚWIĘTOKRZYSKIE,RENAULT,138
ŚWIĘTOKRZYSKIE,RENAULT/CARPOL,4
ŚWIĘTOKRZYSKIE,SAAB,4
ŚWIĘTOKRZYSKIE,SEAT,68
ŚWIĘTOKRZYSKIE,SKODA,95
ŚWIĘTOKRZYSKIE,SMART,4
ŚWIĘTOKRZYSKIE,SSANGYONG,1
ŚWIĘTOKRZYSKIE,SUBARU,12
ŚWIĘTOKRZYSKIE,SUZUKI,56
ŚWIĘTOKRZYSKIE,TOYOTA,155
ŚWIĘTOKRZYSKIE,VOLKSWAGEN,210
ŚWIĘTOKRZYSKIE,VOLVO,80
WARMIŃSKO-MAZURSKIE,ALFA ROMEO,3
WARMIŃSKO-MAZURSKIE,AUDI,203
WARMIŃSKO-MAZURSKIE,BMW,81
WARMIŃSKO-MAZURSKIE,CHEVROLET,13
WARMIŃSKO-MAZURSKIE,CHRYSLER,5
WARMIŃSKO-MAZURSKIE,CITROEN,67
WARMIŃSKO-MAZURSKIE,DACIA,62
WARMIŃSKO-MAZURSKIE,DAIHATSU,3
WARMIŃSKO-MAZURSKIE,DAIMLERCHRYSLER,5
WARMIŃSKO-MAZURSKIE,DODGE,7
WARMIŃSKO-MAZURSKIE,DS,2
WARMIŃSKO-MAZURSKIE,FIAT,39
WARMIŃSKO-MAZURSKIE,FORD,192
WARMIŃSKO-MAZURSKIE,FSO,1
WARMIŃSKO-MAZURSKIE,HONDA,27
WARMIŃSKO-MAZURSKIE,HYUNDAI,122
WARMIŃSKO-MAZURSKIE,JAGUAR,2
WARMIŃSKO-MAZURSKIE,JEEP,16
WARMIŃSKO-MAZURSKIE,KIA,81
WARMIŃSKO-MAZURSKIE,LANCIA,2
WARMIŃSKO-MAZURSKIE,LAND ROVER,4
WARMIŃSKO-MAZURSKIE,LEXUS,22
WARMIŃSKO-MAZURSKIE,MAZDA,42
WARMIŃSKO-MAZURSKIE,MERCEDES-BENZ,56
WARMIŃSKO-MAZURSKIE,MINI,8
WARMIŃSKO-MAZURSKIE,MITSUBISHI,15
WARMIŃSKO-MAZURSKIE,NISSAN,58
WARMIŃSKO-MAZURSKIE,OPEL,148
WARMIŃSKO-MAZURSKIE,PEUGEOT,79
WARMIŃSKO-MAZURSKIE,PORSCHE,6
WARMIŃSKO-MAZURSKIE,RENAULT,82
WARMIŃSKO-MAZURSKIE,RENAULT/CARPOL,5
WARMIŃSKO-MAZURSKIE,SAAB,2
WARMIŃSKO-MAZURSKIE,SEAT,38
WARMIŃSKO-MAZURSKIE,SKODA,99
WARMIŃSKO-MAZURSKIE,SMART,1
WARMIŃSKO-MAZURSKIE,SSANGYONG,5
WARMIŃSKO-MAZURSKIE,SUBARU,15
WARMIŃSKO-MAZURSKIE,SUZUKI,36
WARMIŃSKO-MAZURSKIE,TESLA,1
WARMIŃSKO-MAZURSKIE,TOYOTA,233
WARMIŃSKO-MAZURSKIE,VAUXHALL,2
WARMIŃSKO-MAZURSKIE,VOLKSWAGEN,205
WARMIŃSKO-MAZURSKIE,VOLVO,61
WIELKOPOLSKIE,ALFA ROMEO,42
WIELKOPOLSKIE,ALPINA,2
WIELKOPOLSKIE,ASTON MARTIN,2
WIELKOPOLSKIE,AUDI,707
WIELKOPOLSKIE,BENTLEY,2
WIELKOPOLSKIE,BMW,592
WIELKOPOLSKIE,BUICK,2
WIELKOPOLSKIE,CADILLAC,7
WIELKOPOLSKIE,CHEVROLET,63
WIELKOPOLSKIE,CHRYSLER,14
WIELKOPOLSKIE,CITROEN,473
WIELKOPOLSKIE,CUPRA,35
WIELKOPOLSKIE,DACIA,194
WIELKOPOLSKIE,DADAIMLERCHRYSLER,1
WIELKOPOLSKIE,DAEWOO,4
WIELKOPOLSKIE,DAF,1
WIELKOPOLSKIE,DAIHATSU,8
WIELKOPOLSKIE,DAIMLER-BENZ,2
WIELKOPOLSKIE,DAIMLERCHRYSLER,18
WIELKOPOLSKIE,DATSUN,1
WIELKOPOLSKIE,DFSK,1
WIELKOPOLSKIE,DODGE,16
WIELKOPOLSKIE,DS,14
WIELKOPOLSKIE,FERRARI,2
WIELKOPOLSKIE,FIAT,173
WIELKOPOLSKIE,FORD,784
WIELKOPOLSKIE,FORD-CNG-TECHNIK,2
WIELKOPOLSKIE,HONDA,86
WIELKOPOLSKIE,HYUNDAI,414
WIELKOPOLSKIE,INFINITI,6
WIELKOPOLSKIE,ISUZU,1
WIELKOPOLSKIE,JAGUAR,15
WIELKOPOLSKIE,JAGUAR LAND ROVER,1
WIELKOPOLSKIE,JEEP,46
WIELKOPOLSKIE,KIA,482
WIELKOPOLSKIE,LADA,2
WIELKOPOLSKIE,LANCIA,5
WIELKOPOLSKIE,LAND ROVER,53
WIELKOPOLSKIE,LEXUS,100
WIELKOPOLSKIE,MASERATI,1
WIELKOPOLSKIE,MAZDA,190
WIELKOPOLSKIE,MCC,1
WIELKOPOLSKIE,MERCEDES,1
WIELKOPOLSKIE,MERCEDES-AMG,2
WIELKOPOLSKIE,MERCEDES-BENZ,421
WIELKOPOLSKIE,MERCEDES-BENZ AMG,1
WIELKOPOLSKIE,MG,2
WIELKOPOLSKIE,MINI,53
WIELKOPOLSKIE,MITSUBISHI,91
WIELKOPOLSKIE,NISSAN,220
WIELKOPOLSKIE,OPEL,742
WIELKOPOLSKIE,PEUGEOT,716
WIELKOPOLSKIE,PONTIAC,2
WIELKOPOLSKIE,PORSCHE,36
WIELKOPOLSKIE,RENAULT,627
WIELKOPOLSKIE,RENAULT/CARPOL,33
WIELKOPOLSKIE,ROLLS ROYCE,1
WIELKOPOLSKIE,ROLLS-ROYCE,1
WIELKOPOLSKIE,SAAB,5
WIELKOPOLSKIE,SEAT,213
WIELKOPOLSKIE,SKODA,530
WIELKOPOLSKIE,SMART,12
WIELKOPOLSKIE,SSANGYONG,15
WIELKOPOLSKIE,SUBARU,11
WIELKOPOLSKIE,SUZUKI,140
WIELKOPOLSKIE,TESLA,7
WIELKOPOLSKIE,TOYOTA,686
WIELKOPOLSKIE,TRIUMPH,1
WIELKOPOLSKIE,VAZ,1
WIELKOPOLSKIE,VOLKSWAGEN,1098
WIELKOPOLSKIE,"VOLKSWAGEN, VW",2
WIELKOPOLSKIE,VOLVO,224
ZACHODNIOPOMORSKIE,ALFA ROMEO,11
ZACHODNIOPOMORSKIE,AUDI,197
ZACHODNIOPOMORSKIE,BMW,160
ZACHODNIOPOMORSKIE,BUICK,1
ZACHODNIOPOMORSKIE,CADILLAC,1
ZACHODNIOPOMORSKIE,CHEVROLET,22
ZACHODNIOPOMORSKIE,CHRYSLER,13
ZACHODNIOPOMORSKIE,CITROEN,92
ZACHODNIOPOMORSKIE,CMS AUTO/MERCEDES-BENZ,2
ZACHODNIOPOMORSKIE,CUPRA,12
ZACHODNIOPOMORSKIE,DACIA,53
ZACHODNIOPOMORSKIE,DAEWOO,1
ZACHODNIOPOMORSKIE,DAIHATSU,4
ZACHODNIOPOMORSKIE,DAIMLERCHRYSLER,13
ZACHODNIOPOMORSKIE,DODGE,17
ZACHODNIOPOMORSKIE,FIAT,59
ZACHODNIOPOMORSKIE,FORD,235
ZACHODNIOPOMORSKIE,GAZ,1
ZACHODNIOPOMORSKIE,GM DAEWOO,1
ZACHODNIOPOMORSKIE,HONDA,49
ZACHODNIOPOMORSKIE,HYUNDAI,123
ZACHODNIOPOMORSKIE,JAGUAR,6
ZACHODNIOPOMORSKIE,JEEP,20
ZACHODNIOPOMORSKIE,KIA,155
ZACHODNIOPOMORSKIE,LANCIA,3
ZACHODNIOPOMORSKIE,LAND ROVER,14
ZACHODNIOPOMORSKIE,LEXUS,41
ZACHODNIOPOMORSKIE,MASERATI,1
ZACHODNIOPOMORSKIE,MAZDA,62
ZACHODNIOPOMORSKIE,MERCEDES,1
ZACHODNIOPOMORSKIE,MERCEDES/AUTOMET,1
ZACHODNIOPOMORSKIE,MERCEDES-AMG,3
ZACHODNIOPOMORSKIE,MERCEDES-BENZ,154
ZACHODNIOPOMORSKIE,MERCURY,1
ZACHODNIOPOMORSKIE,MINI,19
ZACHODNIOPOMORSKIE,MITSUBISHI,35
ZACHODNIOPOMORSKIE,MOSKOWICZ,2
ZACHODNIOPOMORSKIE,NISSAN,55
ZACHODNIOPOMORSKIE,OPEL,231
ZACHODNIOPOMORSKIE,PEUGEOT,103
ZACHODNIOPOMORSKIE,PORSCHE,11
ZACHODNIOPOMORSKIE,RENAULT,115
ZACHODNIOPOMORSKIE,RENAULT/CARPOL,8
ZACHODNIOPOMORSKIE,SAAB,2
ZACHODNIOPOMORSKIE,SEAT,53
ZACHODNIOPOMORSKIE,SKODA,164
ZACHODNIOPOMORSKIE,SMART,9
ZACHODNIOPOMORSKIE,SSANGYONG,8
ZACHODNIOPOMORSKIE,SUBARU,3
ZACHODNIOPOMORSKIE,SUZUKI,41
ZACHODNIOPOMORSKIE,TESLA,1
ZACHODNIOPOMORSKIE,TOYOTA,285
ZACHODNIOPOMORSKIE,VOLKSWAGEN,413
ZACHODNIOPOMORSKIE,VOLKSWAGEN/CARPOL,1
ZACHODNIOPOMORSKIE,VOLVO,91
